Model,Accuracy,Macro Precision,Macro Recall,Macro F1-score,Weighted Precision,Weighted Recall,Weighted F1-score
inceptionv3_best,0.9893316598682146,0.9398065911431824,0.9854645341645231,0.9526200127578484,0.9928165951008594,0.9893316598682146,0.9905532744376787
best_model,0.1631628490743646,0.014832986279487691,0.09090909090909091,0.025504573656718245,0.026622115318063883,0.1631628490743646,0.04577538792482848
resnet50_best,0.1631628490743646,0.014832986279487691,0.09090909090909091,0.025504573656718245,0.026622115318063883,0.1631628490743646,0.04577538792482848
mobilenet_best,0.9949796046438657,0.9828437963675802,0.9886672065454909,0.9856292747225548,0.9950492971531298,0.9949796046438657,0.9949938962982341
cnn_baseline,0.9454032005020395,0.8582105333795819,0.8623537589220484,0.8597518411840505,0.9425466993896264,0.9454032005020395,0.943416215993154
vgg16_best,0.10417320363978663,0.16538188899235415,0.14803164016919135,0.04833110024842817,0.18251086215776105,0.10417320363978663,0.05714173603539886
efficientnetb0_best,0.09193598995920929,0.008357817269019026,0.09090909090909091,0.015308254963427376,0.00845222624977983,0.09193598995920929,0.015481175320717425
